{
    "like_1": {
        "bboxes": [
            [
                0.43645833333333334,
                0.3578125,
                0.05520833333333333,
                0.128125
            ]
        ],
        "labels": [
            "like"
        ]
    },
    "like_2": {
        "bboxes": [
            [
                0.4583333333333333,
                0.3421875,
                0.0625,
                0.1421875
            ]
        ],
        "labels": [
            "like"
        ]
    },
    "like_3": {
        "bboxes": [
            [
                0.528125,
                0.5609375,
                0.06458333333333334,
                0.1421875
            ]
        ],
        "labels": [
            "like"
        ]
    },
    "dislike_1": {
        "bboxes": [
            [
                0.6041666666666666,
                0.5984375,
                0.0625,
                0.1359375
            ]
        ],
        "labels": [
            "dislike"
        ]
    },
    "dislike_2": {
        "bboxes": [
            [
                0.65625,
                0.665625,
                0.06458333333333334,
                0.13125
            ]
        ],
        "labels": [
            "dislike"
        ]
    },
    "dislike_3": {
        "bboxes": [
            [
                0.4791666666666667,
                0.578125,
                0.06354166666666666,
                0.14375
            ]
        ],
        "labels": [
            "dislike"
        ]
    },
    "stop_1": {
        "bboxes": [
            [
                0.625,
                0.396875,
                0.084375,
                0.153125
            ]
        ],
        "labels": [
            "stop"
        ]
    },
    "stop_2": {
        "bboxes": [
            [
                0.43645833333333334,
                0.5515625,
                0.09479166666666666,
                0.1734375
            ]
        ],
        "labels": [
            "stop"
        ]
    },
    "stop_3": {
        "bboxes": [
            [
                0.4270833333333333,
                0.3359375,
                0.08020833333333334,
                0.171875
            ]
        ],
        "labels": [
            "stop"
        ]
    },
    "rock_1": {
        "bboxes": [
            [
                0.6177083333333333,
                0.353125,
                0.08541666666666667,
                0.1703125
            ]
        ],
        "labels": [
            "rock"
        ]
    },
    "rock_2": {
        "bboxes": [
            [
                0.4125,
                0.4265625,
                0.1125,
                0.1703125
            ]
        ],
        "labels": [
            "rock"
        ]
    },
    "rock_3": {
        "bboxes": [
            [
                0.4041666666666667,
                0.371875,
                0.07916666666666666,
                0.15625
            ]
        ],
        "labels": [
            "rock"
        ]
    },
    "peace_1": {
        "bboxes": [
            [
                0.38333333333333336,
                0.3125,
                0.09270833333333334,
                0.190625
            ]
        ],
        "labels": [
            "peace"
        ]
    },
    "peace_2": {
        "bboxes": [
            [
                0.39479166666666665,
                0.346875,
                0.07916666666666666,
                0.178125
            ]
        ],
        "labels": [
            "peace"
        ]
    },
    "peace_3": {
        "bboxes": [
            [
                0.5875,
                0.38125,
                0.08541666666666667,
                0.18125
            ]
        ],
        "labels": [
            "peace"
        ]
    }
}